City_ID,City,Country,Date,Lat,Lng,Max Temp,Humidity,Cloudiness,Wind Speed,Description
0,Metro,ID,2021-01-18 01:17:15,-5.1131,105.3067,78.13,84,73,11.97,broken clouds
1,Rikitea,PF,2021-01-18 01:17:15,-23.1203,-134.9692,78.87,75,31,12.17,scattered clouds
2,Lasa,IT,2021-01-18 01:17:15,46.6166,10.7002,28.0,80,75,9.22,broken clouds
3,Bonavista,CA,2021-01-18 01:17:15,48.6499,-53.1147,39.0,93,100,4.61,moderate rain
4,Souillac,MU,2021-01-18 01:05:38,-20.5167,57.5167,78.8,83,40,11.5,scattered clouds
5,Faanui,PF,2021-01-18 01:11:51,-16.4833,-151.75,82.08,74,0,12.39,clear sky
6,Deputatskiy,RU,2021-01-18 01:17:16,69.3,139.9,-36.22,85,91,1.07,overcast clouds
7,Punta Arenas,CL,2021-01-18 01:12:45,-53.15,-70.9167,53.6,66,0,31.07,clear sky
8,Soe,ID,2021-01-18 01:17:16,-9.8607,124.284,76.69,77,32,3.58,light rain
9,Centralia,US,2021-01-18 01:14:51,46.7162,-122.9543,50.0,93,90,6.91,overcast clouds
10,Vaini,TO,2021-01-18 01:17:17,-21.2,-175.2,87.8,74,75,11.5,broken clouds
11,Albany,US,2021-01-18 01:17:05,42.6001,-73.9662,37.0,71,81,6.55,broken clouds
12,Khatanga,RU,2021-01-18 01:11:35,71.9667,102.5,-25.62,81,0,13.62,clear sky
13,Ilulissat,GL,2021-01-18 01:09:53,69.2167,-51.1,19.4,86,75,11.5,light snow
14,Terrace,CA,2021-01-18 01:17:17,54.5163,-128.6035,39.2,87,75,13.8,broken clouds
15,Oktyabrskiy,RU,2021-01-18 01:17:17,54.4815,53.471,-11.83,89,16,1.83,few clouds
16,Tiksi,RU,2021-01-18 01:11:35,71.6872,128.8694,-20.67,88,100,8.3,overcast clouds
17,Cabo San Lucas,MX,2021-01-18 01:08:03,22.8909,-109.9124,73.4,56,1,5.53,clear sky
18,Srikakulam,IN,2021-01-18 01:17:18,18.3,83.9,69.12,82,35,5.84,scattered clouds
19,Mar Del Plata,AR,2021-01-18 01:17:18,-38.0023,-57.5575,62.6,77,75,9.22,broken clouds
20,Fairbanks,US,2021-01-18 01:10:04,64.8378,-147.7164,3.2,92,1,2.26,clear sky
21,Talnakh,RU,2021-01-18 01:15:48,69.4865,88.3972,-6.97,80,100,3.87,overcast clouds
22,Hermanus,ZA,2021-01-18 01:11:33,-34.4187,19.2345,66.99,80,0,7.0,clear sky
23,Ushuaia,AR,2021-01-18 01:08:55,-54.8,-68.3,50.0,81,90,12.66,light intensity drizzle
24,Busselton,AU,2021-01-18 01:15:53,-33.65,115.3333,81.0,38,0,7.0,clear sky
25,Tiarei,PF,2021-01-18 01:17:19,-17.5333,-149.3333,86.0,66,40,14.97,light rain
26,Georgetown,MY,2021-01-18 01:05:07,5.4112,100.3354,78.8,69,20,5.75,few clouds
27,Aklavik,CA,2021-01-18 01:13:06,68.2191,-135.0107,-7.6,77,75,5.48,broken clouds
28,Norman Wells,CA,2021-01-18 01:12:09,65.282,-126.8329,-9.4,84,90,1.3,overcast clouds
29,Luderitz,NA,2021-01-18 01:04:41,-26.6481,15.1594,63.3,84,0,8.5,clear sky
30,Taoudenni,ML,2021-01-18 01:08:57,22.6783,-3.9836,56.26,36,99,16.75,overcast clouds
31,Thompson,CA,2021-01-18 01:17:20,55.7435,-97.8558,-11.2,77,75,4.61,light snow
32,Pevek,RU,2021-01-18 01:11:39,69.7008,170.3133,-29.94,85,7,3.67,clear sky
33,Adrar,MR,2021-01-18 01:04:42,20.5022,-10.0711,59.16,30,100,12.44,overcast clouds
34,Cape Town,ZA,2021-01-18 01:17:20,-33.9258,18.4232,68.0,73,0,9.22,clear sky
35,Yellowknife,CA,2021-01-18 01:15:29,62.456,-114.3525,1.4,85,90,8.05,light snow
36,San Martin Jilotepeque,GT,2021-01-18 01:17:21,14.7878,-90.7925,64.4,77,20,11.5,few clouds
37,Port Blair,IN,2021-01-18 01:09:26,11.6667,92.75,80.49,77,54,18.32,broken clouds
38,Pincher Creek,CA,2021-01-18 01:17:21,49.4833,-113.952,39.0,44,100,19.57,overcast clouds
39,Carnarvon,AU,2021-01-18 01:17:21,-24.8667,113.6333,86.0,74,97,4.61,overcast clouds
40,Qaanaaq,GL,2021-01-18 01:17:21,77.484,-69.3632,-3.05,74,0,6.13,clear sky
41,Bredasdorp,ZA,2021-01-18 01:17:21,-34.5322,20.0403,64.4,88,38,5.75,scattered clouds
42,Sawakin,SD,2021-01-18 01:12:26,19.1059,37.3321,71.94,69,32,11.79,scattered clouds
43,Labuhan,ID,2021-01-18 01:16:16,-6.8844,112.2051,80.89,80,85,12.24,light rain
44,Narsaq,GL,2021-01-18 01:09:28,60.9167,-46.05,23.0,63,75,5.75,broken clouds
45,Emerald,AU,2021-01-18 01:17:22,-23.5333,148.1667,87.8,48,56,12.66,broken clouds
46,New Norfolk,AU,2021-01-18 01:11:56,-42.7826,147.0587,64.99,68,100,5.01,overcast clouds
47,Atuona,PF,2021-01-18 01:09:09,-9.8,-139.0333,78.67,78,83,14.45,broken clouds
48,East London,ZA,2021-01-18 01:17:22,-33.0153,27.9116,68.86,78,100,5.46,light rain
49,Puerto Ayora,EC,2021-01-18 01:10:59,-0.7393,-90.3518,75.99,93,19,1.99,few clouds
50,Hasaki,JP,2021-01-18 01:09:05,35.7333,140.8333,39.2,70,75,8.05,broken clouds
51,Bluff,NZ,2021-01-18 01:17:23,-46.6,168.3333,60.01,57,95,5.99,overcast clouds
52,Tevriz,RU,2021-01-18 01:17:23,57.509,72.4042,11.39,95,100,11.36,overcast clouds
53,Beian,NO,2021-01-18 01:17:23,63.6559,9.5683,30.2,80,75,16.11,broken clouds
54,Corn Island,NI,2021-01-18 01:17:24,12.1694,-83.0418,80.44,80,100,11.01,overcast clouds
55,Vostok,RU,2021-01-18 01:17:24,46.4856,135.8833,-3.82,85,100,2.46,overcast clouds
56,Jiuquan,CN,2021-01-18 01:17:24,39.7432,98.5174,16.27,66,0,0.74,clear sky
57,Pacifica,US,2021-01-18 01:17:24,37.6138,-122.4869,64.0,63,1,13.8,haze
58,Kodiak,US,2021-01-18 01:09:07,57.79,-152.4072,37.4,75,90,12.66,overcast clouds
59,Senovo,SI,2021-01-18 01:17:25,46.0236,15.4769,26.6,93,90,2.3,mist
60,Jamestown,US,2021-01-18 01:17:25,42.097,-79.2353,32.0,93,90,11.5,light snow
61,Dikson,RU,2021-01-18 01:15:36,73.5069,80.5464,-23.55,84,34,18.21,scattered clouds
62,Ylojarvi,FI,2021-01-18 01:17:25,61.5563,23.5961,15.01,92,90,2.3,overcast clouds
63,Port Alfred,ZA,2021-01-18 01:17:25,-33.5906,26.891,64.99,89,100,7.58,overcast clouds
64,Buraydah,SA,2021-01-18 01:10:44,26.326,43.975,50.0,71,0,3.44,clear sky
65,Eyl,SO,2021-01-18 01:17:26,7.9803,49.8164,71.47,74,34,10.16,scattered clouds
66,Lugovoy,KZ,2021-01-18 01:17:26,42.9472,72.7644,30.83,82,100,3.06,overcast clouds
67,Castro,BR,2021-01-18 01:07:26,-24.7911,-50.0119,65.52,95,100,6.11,overcast clouds
68,Muzhi,RU,2021-01-18 01:17:26,65.3667,64.6667,-17.95,87,100,6.69,overcast clouds
69,Troitskoye,RU,2021-01-18 01:17:26,52.9821,84.6757,9.46,92,93,7.81,overcast clouds
70,Portland,US,2021-01-18 01:17:26,45.5234,-122.6762,48.2,81,75,0.67,broken clouds
71,Ponta Delgada,PT,2021-01-18 01:04:39,37.7333,-25.6667,61.0,88,20,23.02,few clouds
72,Qasigiannguit,GL,2021-01-18 01:10:58,68.8193,-51.1922,19.4,86,75,11.5,light snow
73,Barrow,US,2021-01-18 01:17:27,71.2906,-156.7887,-4.0,77,90,12.66,overcast clouds
74,Chapais,CA,2021-01-18 01:12:26,49.7834,-74.8492,12.2,85,90,13.8,light snow
75,Paamiut,GL,2021-01-18 01:09:52,61.994,-49.6678,27.03,92,100,7.63,overcast clouds
76,Upernavik,GL,2021-01-18 01:15:50,72.7868,-56.1549,14.18,85,100,9.24,overcast clouds
77,Tecoanapa,MX,2021-01-18 01:17:27,16.5167,-98.75,77.94,74,0,5.57,clear sky
78,Canandaigua,US,2021-01-18 01:13:48,42.8742,-77.288,35.01,78,100,4.0,overcast clouds
79,Boa Viagem,BR,2021-01-18 01:17:28,-5.1275,-39.7322,78.82,61,100,5.53,overcast clouds
80,Hilo,US,2021-01-18 01:17:28,19.7297,-155.09,78.8,73,90,4.61,light rain
81,Chistogorskiy,RU,2021-01-18 01:17:28,53.9835,87.3843,11.7,95,100,5.35,overcast clouds
82,Portales,US,2021-01-18 01:17:28,34.1862,-103.3344,42.01,55,1,9.22,clear sky
83,Saint-Philippe,RE,2021-01-18 01:12:15,-21.3585,55.7679,77.0,69,0,4.61,light rain
84,Arraial Do Cabo,BR,2021-01-18 01:07:31,-22.9661,-42.0278,78.8,73,0,12.66,clear sky
85,Butaritari,KI,2021-01-18 01:15:36,3.0707,172.7902,80.69,77,92,19.13,overcast clouds
86,Ayr,GB,2021-01-18 01:17:29,55.4627,-4.6339,44.6,87,90,23.02,overcast clouds
87,Torbay,CA,2021-01-18 01:05:19,47.6666,-52.7314,37.99,100,90,14.97,light rain
88,Meadow Lake,US,2021-01-18 01:17:29,34.8014,-106.5436,53.6,13,40,6.4,scattered clouds
89,Pisco,PE,2021-01-18 01:16:12,-13.7,-76.2167,69.8,83,0,18.41,clear sky
90,Santa Maria,BR,2021-01-18 01:12:33,-29.6842,-53.8069,73.4,68,40,3.44,scattered clouds
91,Sivaki,RU,2021-01-18 01:17:30,52.6333,126.75,-21.42,85,93,8.5,overcast clouds
92,Kapaa,US,2021-01-18 01:17:30,22.0752,-159.319,80.6,65,75,17.27,light rain
93,Gorontalo,ID,2021-01-18 01:17:30,0.5412,123.0595,84.38,63,100,2.42,overcast clouds
94,Nyurba,RU,2021-01-18 01:13:22,63.2842,118.3319,-33.99,82,100,4.94,overcast clouds
95,Roald,NO,2021-01-18 01:17:30,62.5833,6.1333,41.0,70,40,6.91,scattered clouds
96,Bud,US,2021-01-18 01:12:29,39.447,-86.1758,30.0,92,90,8.9,overcast clouds
97,Biloela,AU,2021-01-18 01:17:30,-24.4167,150.5,89.15,41,0,11.74,clear sky
98,Bengkulu,ID,2021-01-18 01:17:31,-3.8004,102.2655,77.88,81,81,5.77,broken clouds
99,Mataura,NZ,2021-01-18 01:15:30,-46.1927,168.8643,60.01,57,100,5.99,moderate rain
100,Clyde River,CA,2021-01-18 01:09:38,70.4692,-68.5914,6.8,92,90,24.16,light snow
101,Pemba,MZ,2021-01-18 01:17:31,-12.974,40.5178,78.8,94,75,10.36,broken clouds
102,Datong,CN,2021-01-18 01:17:31,40.0936,113.2914,14.2,67,0,2.95,clear sky
103,Tasiilaq,GL,2021-01-18 01:09:01,65.6145,-37.6368,23.0,63,0,4.61,clear sky
104,At-Bashi,KG,2021-01-18 01:17:32,41.1702,75.8106,15.6,59,86,1.34,overcast clouds
105,Plettenberg Bay,ZA,2021-01-18 01:13:04,-34.0527,23.3716,64.49,87,16,7.78,few clouds
106,Parlakimidi,IN,2021-01-18 01:17:32,18.7667,84.0833,67.14,82,53,2.91,broken clouds
107,Japura,ID,2021-01-18 01:17:33,-0.3167,102.35,73.42,95,100,1.34,light rain
108,Holguin,CU,2021-01-18 01:17:33,20.8872,-76.2631,71.6,94,1,3.44,clear sky
109,Mugur-Aksy,RU,2021-01-18 01:12:12,50.35,90.5,9.9,75,98,5.88,overcast clouds
110,Weyburn,CA,2021-01-18 01:17:33,49.6668,-103.8511,26.6,93,100,5.75,overcast clouds
111,Guerrero Negro,MX,2021-01-18 01:04:09,27.9769,-114.0611,68.09,34,0,8.81,clear sky
112,Xichang,CN,2021-01-18 01:17:34,27.8964,102.2634,35.91,79,13,0.22,few clouds
113,Kholodnyy,RU,2021-01-18 01:17:34,62.7167,147.95,-25.26,81,100,6.02,overcast clouds
114,Kirakira,SB,2021-01-18 01:09:41,-10.4544,161.9205,85.23,73,18,8.34,light rain
115,Arlit,NE,2021-01-18 01:12:33,18.7369,7.3853,61.61,29,84,4.47,broken clouds
116,Severo-Kurilsk,RU,2021-01-18 01:05:32,50.6789,156.125,21.96,94,91,38.25,light snow
117,Farkhor,TJ,2021-01-18 01:17:34,37.4922,69.4036,42.8,93,75,2.24,broken clouds
118,Hobart,AU,2021-01-18 01:13:07,-42.8794,147.3294,66.2,48,75,26.46,broken clouds
119,Ust-Tarka,RU,2021-01-18 01:17:35,55.5672,75.705,9.7,95,100,13.33,overcast clouds
120,Hailey,US,2021-01-18 01:12:21,43.5196,-114.3153,32.0,74,40,3.94,scattered clouds
121,Ucluelet,CA,2021-01-18 01:06:47,48.9329,-125.5528,48.2,81,20,11.5,few clouds
122,Bambous Virieux,MU,2021-01-18 01:17:35,-20.3428,57.7575,79.0,83,40,11.5,scattered clouds
123,Hillsboro,US,2021-01-18 01:17:35,45.5229,-122.9898,46.99,100,1,2.91,clear sky
124,Okhotsk,RU,2021-01-18 01:17:35,59.3833,143.3,-18.02,74,93,20.24,overcast clouds
125,San Cristobal,VE,2021-01-18 01:17:36,7.7669,-72.225,65.73,87,9,1.74,clear sky
126,Eureka,US,2021-01-18 01:12:27,40.8021,-124.1637,55.99,82,100,1.99,overcast clouds
127,Fort Atkinson,US,2021-01-18 01:17:36,42.9289,-88.8371,28.99,88,100,1.01,overcast clouds
128,Cidreira,BR,2021-01-18 01:09:15,-30.1811,-50.2056,73.11,93,100,13.56,overcast clouds
129,Kaputa,ZM,2021-01-18 01:17:36,-8.4689,29.6619,66.85,84,94,3.49,overcast clouds
130,Ribeira Grande,PT,2021-01-18 01:05:14,38.5167,-28.7,62.67,79,86,27.74,light rain
131,Macherla,IN,2021-01-18 01:17:36,16.4833,79.4333,65.91,88,0,3.87,clear sky
132,Los Llanos De Aridane,ES,2021-01-18 01:09:29,28.6585,-17.9182,62.6,63,90,8.05,overcast clouds
133,Denpasar,ID,2021-01-18 01:14:33,-8.65,115.2167,78.8,94,75,5.75,broken clouds
134,Kruisfontein,ZA,2021-01-18 01:11:48,-34.0033,24.7314,68.0,76,57,1.01,broken clouds
135,Svetlaya,RU,2021-01-18 01:17:37,46.5389,138.3297,7.02,77,3,5.01,clear sky
136,Altay,CN,2021-01-18 01:17:37,47.8667,88.1167,12.11,64,84,2.13,broken clouds
137,Praia Da Vitoria,PT,2021-01-18 01:10:43,38.7333,-27.0667,61.0,94,75,23.76,broken clouds
138,Luangwa,ZM,2021-01-18 01:17:37,-15.6167,30.4167,74.28,89,100,1.3,light rain
139,Sitka,US,2021-01-18 01:11:06,57.0531,-135.33,42.8,81,75,5.75,light snow
140,Exeter,GB,2021-01-18 01:17:38,50.7236,-3.5275,37.99,94,98,7.09,overcast clouds
141,Atar,MR,2021-01-18 01:17:38,20.5169,-13.0499,63.27,25,100,14.79,overcast clouds
142,Saldanha,ZA,2021-01-18 01:15:46,-33.0117,17.9442,64.4,77,0,4.61,clear sky
143,Cherskiy,RU,2021-01-18 01:11:50,68.75,161.3,-32.49,83,99,2.1,overcast clouds
144,Fayaoue,NC,2021-01-18 01:17:40,-20.65,166.5333,83.19,75,97,5.77,overcast clouds
145,Cayenne,GF,2021-01-18 01:10:47,4.9333,-52.3333,78.8,89,20,8.05,few clouds
146,Avarua,CK,2021-01-18 01:17:40,-21.2078,-159.775,86.0,62,100,8.05,overcast clouds
147,Howard Springs,AU,2021-01-18 01:17:40,-12.497,131.047,84.99,70,75,11.5,broken clouds
148,Sovetskiy,RU,2021-01-18 01:17:40,61.3614,63.5842,-14.19,89,92,6.62,overcast clouds
149,Lanquin,GT,2021-01-18 01:17:40,15.5667,-89.9667,62.6,88,90,6.91,overcast clouds
150,Natal,BR,2021-01-18 01:17:40,-5.795,-35.2094,80.6,69,20,11.5,few clouds
151,Tyrma,RU,2021-01-18 01:17:41,50.0833,132.1667,-8.23,86,98,1.19,overcast clouds
152,Caucaia,BR,2021-01-18 01:17:41,-3.7361,-38.6531,82.4,69,20,11.5,moderate rain
153,Chuy,UY,2021-01-18 01:17:41,-33.6971,-53.4616,65.03,71,36,8.93,scattered clouds
154,Agapovka,RU,2021-01-18 01:17:41,53.2973,59.1348,-5.8,77,40,6.71,scattered clouds
155,Sakakah,SA,2021-01-18 01:17:42,29.9697,40.2064,44.6,57,0,5.75,clear sky
156,Ponta Do Sol,PT,2021-01-18 01:17:42,32.6667,-17.1,55.99,61,94,1.01,overcast clouds
157,El Estor,GT,2021-01-18 01:17:42,15.5333,-89.35,78.8,50,75,9.22,broken clouds
158,Chokurdakh,RU,2021-01-18 01:17:42,70.6333,147.9167,-27.02,85,100,6.98,overcast clouds
159,Kavieng,PG,2021-01-18 01:17:42,-2.5744,150.7967,85.41,71,10,18.59,clear sky
160,Broken Hill,AU,2021-01-18 01:05:47,-31.95,141.4333,69.8,40,0,14.97,clear sky
161,Aksu,CN,2021-01-18 01:17:43,41.1231,80.2644,10.24,86,0,2.53,clear sky
162,Kitui,KE,2021-01-18 01:17:43,-1.367,38.0106,62.38,90,0,1.34,clear sky
163,Kalmar,SE,2021-01-18 01:17:43,56.6616,16.3616,26.01,93,90,3.44,light snow
164,Mount Gambier,AU,2021-01-18 01:15:19,-37.8333,140.7667,60.8,88,90,16.11,overcast clouds
165,Susurluk,TR,2021-01-18 01:17:43,39.9136,28.1578,32.0,80,75,6.91,broken clouds
166,Ziway,ET,2021-01-18 01:17:43,7.9333,38.7167,61.07,41,85,11.81,overcast clouds
167,Provideniya,RU,2021-01-18 01:08:56,64.3833,-173.3,1.4,71,90,13.42,light snow
168,Bethel,US,2021-01-18 01:13:45,41.3712,-73.414,39.99,56,90,9.22,overcast clouds
169,Pacific Grove,US,2021-01-18 01:11:08,36.6177,-121.9166,69.8,40,1,4.61,clear sky
170,Zhezkazgan,KZ,2021-01-18 01:10:50,47.8043,67.7144,13.37,94,98,5.28,overcast clouds
171,Dingle,PH,2021-01-18 01:17:44,10.9995,122.6711,75.2,92,100,9.69,light rain
172,Thinadhoo,MV,2021-01-18 01:17:45,0.5333,72.9333,81.32,70,1,7.45,clear sky
173,Sistranda,NO,2021-01-18 01:11:06,63.7256,8.834,30.2,80,75,16.11,broken clouds
174,Mareeba,AU,2021-01-18 01:09:01,-17.0,145.4333,78.8,89,90,2.3,moderate rain
175,Vila Velha,BR,2021-01-18 01:11:05,-20.3297,-40.2925,77.0,83,40,5.75,scattered clouds
176,Bac Lieu,VN,2021-01-18 01:17:45,9.285,105.7244,73.24,71,20,5.32,few clouds
177,Zolochiv,UA,2021-01-18 01:17:46,49.806,24.8944,12.2,92,75,8.95,light snow
178,Kindu,CD,2021-01-18 01:17:47,-2.95,25.95,70.09,96,100,2.57,light rain
179,Oksfjord,NO,2021-01-18 01:17:47,70.2396,22.3479,33.8,93,90,4.61,snow
180,Nanortalik,GL,2021-01-18 01:10:49,60.1432,-45.2371,27.28,92,100,5.57,overcast clouds
181,Bestobe,KZ,2021-01-18 01:17:47,52.4994,73.0975,8.1,93,0,12.01,clear sky
182,Mujiayingzi,CN,2021-01-18 01:17:47,42.1167,118.7833,-6.59,84,75,2.68,broken clouds
183,Sambava,MG,2021-01-18 01:17:47,-14.2667,50.1667,77.25,87,56,6.2,light rain
184,Biltine,TD,2021-01-18 01:15:46,14.5333,20.9167,63.01,24,0,9.35,clear sky
185,Port Elizabeth,ZA,2021-01-18 01:17:48,-33.918,25.5701,66.2,82,75,2.3,broken clouds
186,Ambulu,ID,2021-01-18 01:17:48,-8.345,113.6058,81.32,73,94,0.25,light rain
187,Makakilo City,US,2021-01-18 01:09:06,21.3469,-158.0858,80.6,65,20,8.05,few clouds
188,Grindavik,IS,2021-01-18 01:13:04,63.8424,-22.4338,33.8,93,75,17.27,light snow
189,Hithadhoo,MV,2021-01-18 01:09:22,-0.6,73.0833,80.62,71,51,7.47,broken clouds
190,Tuktoyaktuk,CA,2021-01-18 01:11:42,69.4541,-133.0374,-4.0,84,75,9.22,broken clouds
191,Surt,LY,2021-01-18 01:17:49,31.2089,16.5887,55.22,62,0,19.04,clear sky
192,Dubti,ET,2021-01-18 01:17:49,11.7361,41.0853,70.56,59,100,7.74,overcast clouds
193,Lavrentiya,RU,2021-01-18 01:16:08,65.5833,-171.0,-11.85,82,100,10.13,overcast clouds
194,Mahibadhoo,MV,2021-01-18 01:17:49,3.7833,72.9667,81.07,75,0,10.58,clear sky
195,Geraldton,AU,2021-01-18 01:09:38,-28.7667,114.6,89.6,43,40,9.22,scattered clouds
196,Airai,TL,2021-01-18 01:12:14,-8.9266,125.4092,66.61,94,99,3.27,overcast clouds
197,Longyearbyen,SJ,2021-01-18 01:11:57,78.2186,15.6401,19.4,63,75,32.21,broken clouds
198,Arzachena,IT,2021-01-18 01:17:50,41.0769,9.3887,46.4,87,40,4.61,scattered clouds
199,Kirov,RU,2021-01-18 01:17:50,58.5966,49.6601,-13.85,89,8,4.88,clear sky
200,Victoria,HK,2021-01-18 01:13:08,22.2855,114.1577,57.0,50,0,1.01,clear sky
201,Husavik,IS,2021-01-18 01:09:32,66.0449,-17.3389,32.0,93,90,2.3,snow
202,Codrington,AU,2021-01-18 01:17:50,-38.2667,141.9667,61.59,70,89,15.26,overcast clouds
203,Esperance,AU,2021-01-18 01:11:09,-33.8667,121.9,68.0,60,0,12.66,clear sky
204,Hamilton,US,2021-01-18 01:14:28,39.1834,-84.5333,33.01,80,90,8.05,light snow
205,Kaitangata,NZ,2021-01-18 01:17:51,-46.2817,169.8464,62.01,41,100,5.99,overcast clouds
206,Santiago,CL,2021-01-18 01:17:11,-33.4569,-70.6483,77.0,31,0,11.5,clear sky
207,Poum,NC,2021-01-18 01:17:51,-20.2333,164.0167,83.17,78,14,13.38,light rain
208,Nautla,MX,2021-01-18 01:17:52,20.2167,-96.7833,68.05,86,95,6.31,overcast clouds
209,Rocha,UY,2021-01-18 01:17:52,-34.4833,-54.3333,61.59,82,1,6.69,clear sky
210,Ube,JP,2021-01-18 01:17:52,33.9431,131.2511,41.0,70,75,11.5,light rain
211,Dunedin,NZ,2021-01-18 01:09:45,-45.8742,170.5036,62.01,70,100,1.99,light rain
212,Sfantu Gheorghe,RO,2021-01-18 01:17:52,45.8667,25.7833,16.0,87,100,5.01,overcast clouds
213,Fortuna,US,2021-01-18 01:11:46,40.5982,-124.1573,55.0,93,1,8.05,clear sky
214,Davila,PH,2021-01-18 01:17:53,18.4726,120.5763,78.8,61,20,19.57,few clouds
215,Usinsk,RU,2021-01-18 01:17:53,65.9939,57.5281,-23.55,86,74,7.54,broken clouds
216,Port Lincoln,AU,2021-01-18 01:13:03,-34.7333,135.8667,63.66,71,100,11.95,overcast clouds
217,Komarno,SK,2021-01-18 01:17:53,47.7636,18.1226,18.0,79,0,5.75,clear sky
218,Brae,GB,2021-01-18 01:17:54,60.3964,-1.353,42.8,81,20,21.85,light rain
219,Coihaique,CL,2021-01-18 01:10:43,-45.5752,-72.0662,59.0,72,90,3.44,overcast clouds
220,Darab,IR,2021-01-18 01:17:54,28.7519,54.5444,49.21,55,0,2.89,clear sky
221,Kamenskiy,RU,2021-01-18 01:17:54,50.8855,45.488,-3.69,91,100,6.4,overcast clouds
222,Vaitape,PF,2021-01-18 01:17:54,-16.5167,-151.75,82.09,74,0,12.33,clear sky
223,Port Macquarie,AU,2021-01-18 01:17:54,-31.4333,152.9167,82.99,56,94,1.99,overcast clouds
224,Hurfeish,IL,2021-01-18 01:17:55,33.0171,35.3484,57.99,70,43,1.01,light rain
225,San Carlos,VE,2021-01-18 01:10:43,9.6612,-68.5827,74.7,72,19,4.54,few clouds
226,Haines Junction,CA,2021-01-18 01:12:23,60.7522,-137.5108,35.6,69,5,4.61,moderate rain
227,Veraval,IN,2021-01-18 01:11:50,20.9,70.3667,66.43,52,0,8.43,clear sky
228,Sept-Iles,CA,2021-01-18 01:09:20,50.2001,-66.3821,32.0,93,100,13.8,snow
229,San Lawrenz,MT,2021-01-18 01:12:31,36.0553,14.204,57.2,77,40,27.63,scattered clouds
230,Finnsnes,NO,2021-01-18 01:17:55,69.2296,17.9811,14.0,85,100,2.3,light snow
231,Yurkivka,UA,2021-01-18 01:17:56,49.0126,31.1013,6.57,92,2,4.7,clear sky
232,Dauphin,CA,2021-01-18 01:12:44,51.1494,-100.0502,0.86,91,100,3.94,overcast clouds
233,Huarmey,PE,2021-01-18 01:17:56,-10.0681,-78.1522,69.91,83,99,8.23,overcast clouds
234,Kemin,KG,2021-01-18 01:17:56,42.7846,75.6892,36.16,63,100,5.59,overcast clouds
235,Bose,IT,2021-01-18 01:17:56,45.4612,8.0137,30.99,91,95,2.3,overcast clouds
236,Rabat,MA,2021-01-18 01:17:57,33.9911,-6.8401,42.8,100,0,3.44,mist
237,Gilbues,BR,2021-01-18 01:17:57,-9.8317,-45.3439,79.14,61,100,1.41,overcast clouds
238,Maumere,ID,2021-01-18 01:13:16,-8.6199,122.2111,81.79,78,100,6.29,light rain
239,Lhokseumawe,ID,2021-01-18 01:14:18,5.1801,97.1507,78.57,82,100,9.53,overcast clouds
240,Matara,LK,2021-01-18 01:17:57,5.9485,80.5353,74.52,88,68,5.84,broken clouds
241,Pangnirtung,CA,2021-01-18 01:11:44,66.1451,-65.7125,-18.22,79,1,1.72,clear sky
242,Ambunti,PG,2021-01-18 01:17:57,-4.2365,142.8448,84.9,75,100,2.8,light rain
243,Joroan,PH,2021-01-18 01:17:58,13.4885,123.6189,78.49,81,100,10.74,overcast clouds
244,Batagay-Alyta,RU,2021-01-18 01:17:58,67.8006,130.4114,-37.37,81,100,1.16,overcast clouds
245,Abu Dhabi,AE,2021-01-18 01:07:58,24.4667,54.3667,64.4,45,0,3.44,clear sky
246,Lebu,CL,2021-01-18 01:17:58,-37.6167,-73.65,57.47,85,0,21.56,clear sky
247,Namibe,AO,2021-01-18 01:17:58,-15.1961,12.1522,72.25,76,98,8.86,overcast clouds
248,Mahebourg,MU,2021-01-18 01:16:25,-20.4081,57.7,78.8,83,40,11.5,scattered clouds
249,Nikolskoye,RU,2021-01-18 01:09:02,59.7035,30.7861,19.0,93,75,4.47,snow
250,Flinders,AU,2021-01-18 01:10:47,-34.5833,150.8552,82.0,63,0,5.01,clear sky
251,Igurubi,TZ,2021-01-18 01:17:59,-4.0,33.7,68.16,83,91,4.74,overcast clouds
252,Karmaskaly,RU,2021-01-18 01:17:59,54.3709,56.1837,-9.0,84,40,3.98,scattered clouds
253,Naberera,TZ,2021-01-18 01:10:58,-4.2,36.9333,63.64,95,95,3.44,light rain
254,Cockburn Town,TC,2021-01-18 01:12:19,21.4612,-71.1419,77.0,78,40,9.22,scattered clouds
255,Talipparamba,IN,2021-01-18 01:18:00,12.05,75.35,72.48,76,100,3.29,overcast clouds
256,Castanhal,BR,2021-01-18 01:18:00,-1.2939,-47.9264,77.0,94,40,5.75,scattered clouds
257,Coahuayana,MX,2021-01-18 01:10:46,18.7333,-103.6833,73.4,73,75,1.9,broken clouds
258,Pontianak,ID,2021-01-18 01:18:01,-0.0333,109.3333,77.0,88,40,5.75,scattered clouds
259,Barra Patuca,HN,2021-01-18 01:18:01,15.8,-84.2833,76.91,83,100,7.74,overcast clouds
260,Presidencia Roque Saenz Pena,AR,2021-01-18 01:10:43,-26.7852,-60.4388,71.01,62,0,1.99,clear sky
261,Gouyave,GD,2021-01-18 01:18:01,12.1646,-61.7296,78.8,83,20,18.41,few clouds
262,Beyneu,KZ,2021-01-18 01:18:02,45.3167,55.2,32.76,95,0,15.59,clear sky
263,Nefteyugansk,RU,2021-01-18 01:18:02,61.0998,72.6035,-16.6,76,40,11.18,scattered clouds
264,Banamba,ML,2021-01-18 01:18:02,13.55,-7.45,66.79,23,100,11.41,overcast clouds
265,Baoding,CN,2021-01-18 01:18:02,38.8511,115.4903,25.7,63,0,2.75,clear sky
266,Havelock,US,2021-01-18 01:14:17,34.8791,-76.9013,45.0,75,1,8.05,clear sky
267,Yuanping,CN,2021-01-18 01:18:02,38.7153,112.7575,19.51,64,0,1.5,clear sky
268,Warren,US,2021-01-18 01:15:47,39.4334,-84.1666,33.01,95,96,1.99,light snow
269,Hovd,MN,2021-01-18 01:12:06,48.0056,91.6419,0.54,80,3,1.45,clear sky
270,Moussoro,TD,2021-01-18 01:18:03,13.6408,16.4901,67.14,24,0,10.56,clear sky
271,Chabahar,IR,2021-01-18 01:18:03,25.2919,60.643,67.57,74,0,2.19,clear sky
272,Timizart,DZ,2021-01-18 01:18:03,36.8,4.2667,45.43,57,0,3.0,clear sky
273,Astoria,US,2021-01-18 01:18:03,46.1879,-123.8313,48.99,93,90,4.61,mist
274,Chicama,PE,2021-01-18 01:09:33,-7.8447,-79.1469,72.21,74,92,5.55,overcast clouds
275,Manta,EC,2021-01-18 01:18:04,-0.95,-80.7333,78.8,78,75,5.75,broken clouds
276,Xapuri,BR,2021-01-18 01:18:04,-10.6517,-68.5044,75.78,88,90,2.73,overcast clouds
277,Saint-Francois,FR,2021-01-18 01:16:37,46.4154,3.9054,36.0,93,90,2.3,overcast clouds
278,Comodoro Rivadavia,AR,2021-01-18 01:12:57,-45.8667,-67.5,78.8,36,0,17.27,clear sky
279,Ayorou,NE,2021-01-18 01:18:04,14.7308,0.9174,71.6,19,94,10.25,overcast clouds
280,Kjollefjord,NO,2021-01-18 01:18:04,70.9457,27.3465,33.44,95,100,16.02,snow
281,Hailar,CN,2021-01-18 01:18:05,49.2,119.7,-24.41,81,0,6.69,clear sky
282,Ouadda,CF,2021-01-18 01:18:05,8.0777,22.4007,68.63,23,47,5.97,scattered clouds
283,Walvis Bay,NA,2021-01-18 01:11:11,-22.9575,14.5053,66.0,88,100,10.25,overcast clouds
284,Marawi,PH,2021-01-18 01:16:31,7.9986,124.2928,77.0,88,100,4.0,moderate rain
285,Hobyo,SO,2021-01-18 01:18:05,5.3505,48.5268,75.15,78,0,12.97,clear sky
286,Bilma,NE,2021-01-18 01:18:05,18.6853,12.9164,60.17,29,92,15.93,overcast clouds
287,Porto Novo,BJ,2021-01-18 01:09:19,6.4965,2.6036,82.4,78,20,10.36,few clouds
288,La Seyne-Sur-Mer,FR,2021-01-18 01:18:06,43.0982,5.8847,44.01,51,0,5.99,clear sky
289,Pushkino,RU,2021-01-18 01:18:06,56.0172,37.8667,-11.2,84,20,4.47,few clouds
290,Polunochnoye,RU,2021-01-18 01:11:08,60.8697,60.4153,-13.9,86,7,5.37,clear sky
291,Zamora,EC,2021-01-18 01:18:06,-4.0692,-78.9567,69.21,72,97,3.42,light rain
292,Le Mars,US,2021-01-18 01:18:07,42.7942,-96.1656,30.99,93,90,4.61,overcast clouds
293,Agadez,NE,2021-01-18 01:09:42,19.75,10.25,54.91,34,100,13.13,overcast clouds
294,Fort-Shevchenko,KZ,2021-01-18 01:16:28,44.5086,50.263,39.42,81,99,14.52,overcast clouds
295,Prince Rupert,CA,2021-01-18 01:12:38,54.3161,-130.3201,44.6,87,90,8.05,light rain
296,Fort Nelson,CA,2021-01-18 01:11:57,58.8053,-122.7002,23.0,86,40,2.3,scattered clouds
297,Bajil,YE,2021-01-18 01:18:07,15.0584,43.2851,72.77,82,100,2.48,overcast clouds
298,Ndele,CF,2021-01-18 01:18:07,8.4109,20.6473,69.35,24,88,4.7,overcast clouds
299,Naze,JP,2021-01-18 01:11:42,28.3667,129.4833,53.6,82,75,6.91,broken clouds
300,Kudat,MY,2021-01-18 01:18:08,6.8837,116.8477,75.2,100,40,3.44,scattered clouds
301,Dobrinka,RU,2021-01-18 01:15:40,52.1653,40.4731,-6.32,91,100,3.89,overcast clouds
302,Pimentel,PE,2021-01-18 01:18:08,-6.8367,-79.9342,71.6,73,0,21.85,clear sky
303,Sexsmith,CA,2021-01-18 01:18:08,55.35,-118.786,39.2,60,75,20.71,broken clouds
304,Hvide Sande,DK,2021-01-18 01:18:08,56.0045,8.1294,33.01,84,98,1.99,light rain
305,Ust-Tsilma,RU,2021-01-18 01:11:51,65.441,52.1498,-19.41,87,9,3.42,clear sky
306,Tabou,CI,2021-01-18 01:09:39,4.423,-7.3528,78.31,84,3,6.78,clear sky
307,Reconquista,AR,2021-01-18 01:18:09,-29.15,-59.65,67.12,57,0,6.98,clear sky
308,Broome,US,2021-01-18 01:14:18,42.2506,-75.833,36.0,74,90,8.05,overcast clouds
309,Houma,US,2021-01-18 01:16:27,29.5958,-90.7195,51.01,54,0,1.99,clear sky
310,Sahiwal,PK,2021-01-18 01:18:09,30.6667,73.1,45.91,61,0,6.73,clear sky
311,Tezu,IN,2021-01-18 01:09:36,27.9167,96.1667,61.07,44,0,3.56,clear sky
312,Hatton,LK,2021-01-18 01:18:10,6.8916,80.5955,57.29,96,47,2.84,scattered clouds
313,Stromness,GB,2021-01-18 01:18:10,58.965,-3.296,39.2,81,40,12.66,scattered clouds
314,Kavaratti,IN,2021-01-18 01:12:25,10.5669,72.642,81.86,75,0,8.5,clear sky
315,Ola,RU,2021-01-18 01:18:10,59.5833,151.2833,-9.45,87,100,17.05,light snow
316,Kloulklubed,PW,2021-01-18 01:18:10,7.0419,134.2556,80.6,83,90,5.75,light rain
317,Katsuura,JP,2021-01-18 01:18:10,35.1333,140.3,41.0,65,75,9.22,broken clouds
318,Mbour,SN,2021-01-18 01:18:11,14.422,-16.9638,73.4,64,96,9.22,overcast clouds
319,Sheltozero,RU,2021-01-18 01:18:11,61.3667,35.3667,13.08,96,53,7.16,broken clouds
320,Requena,ES,2021-01-18 01:18:11,39.4883,-1.1004,48.99,70,0,9.22,clear sky
321,Novikovo,RU,2021-01-18 01:18:11,51.1537,37.8879,1.13,92,100,4.92,overcast clouds
322,Malpe,IN,2021-01-18 01:18:11,13.35,74.7167,77.0,88,20,4.61,mist
323,Katima Mulilo,NA,2021-01-18 01:18:12,-17.5,24.2667,68.88,92,100,4.7,overcast clouds
324,Asau,RO,2021-01-18 01:18:12,46.4333,26.4,21.2,100,75,5.75,snow
325,Tautira,PF,2021-01-18 01:11:54,-17.7333,-149.15,86.0,66,40,14.97,scattered clouds
326,Ostrovnoy,RU,2021-01-18 01:11:53,68.0531,39.5131,16.36,95,100,18.3,light snow
327,Kumluca,TR,2021-01-18 01:18:12,36.3703,30.2869,46.45,51,47,2.77,scattered clouds
328,Isangel,VU,2021-01-18 01:09:08,-19.55,169.2667,87.8,79,75,5.75,broken clouds
329,Tazmalt,DZ,2021-01-18 01:18:13,36.3868,4.3989,45.57,55,0,3.67,clear sky
330,Necochea,AR,2021-01-18 01:18:13,-38.5473,-58.7368,57.99,81,96,12.93,overcast clouds
331,Poykovskiy,RU,2021-01-18 01:18:13,61.2333,73.3333,-16.6,76,40,11.18,scattered clouds
332,Ankazoabo,MG,2021-01-18 01:16:30,-22.2833,44.5167,72.68,86,9,1.86,clear sky
333,Vernon,CA,2021-01-18 01:18:13,50.2581,-119.2691,34.0,80,19,2.3,few clouds
334,Wamba,NG,2021-01-18 01:18:14,8.9333,8.6,72.18,22,22,4.56,few clouds
335,Coquimbo,CL,2021-01-18 01:12:07,-29.9533,-71.3436,59.0,88,20,8.05,few clouds
336,Lamu,KE,2021-01-18 01:18:14,-2.2717,40.902,76.48,89,94,10.31,overcast clouds
337,Chippewa Falls,US,2021-01-18 01:15:02,44.9369,-91.3929,27.0,74,90,8.05,overcast clouds
338,Evensk,RU,2021-01-18 01:11:01,61.95,159.2333,-0.15,79,85,20.74,overcast clouds
339,Maceio,BR,2021-01-18 01:12:39,-9.6658,-35.7353,75.2,88,20,3.44,few clouds
340,Vestmannaeyjar,IS,2021-01-18 01:18:15,63.4427,-20.2734,36.72,82,100,25.03,overcast clouds
341,Marsa Matruh,EG,2021-01-18 01:12:39,31.3525,27.2453,53.69,61,27,19.93,scattered clouds
342,La Rioja,ES,2021-01-18 01:18:15,42.25,-2.5,44.6,87,20,9.22,few clouds
343,Ituiutaba,BR,2021-01-18 01:18:15,-18.9689,-49.465,71.38,89,100,1.39,overcast clouds
344,Namatanai,PG,2021-01-18 01:12:03,-3.6667,152.4333,85.59,67,11,13.11,few clouds
345,Kautokeino,NO,2021-01-18 01:18:16,69.0125,23.0412,15.22,91,100,2.91,overcast clouds
346,Tatawin,TN,2021-01-18 01:18:16,32.9297,10.4518,48.2,49,0,11.5,clear sky
347,Waitati,NZ,2021-01-18 01:18:16,-45.75,170.5667,62.01,93,100,23.0,light rain
348,The Valley,AI,2021-01-18 01:11:03,18.217,-63.0578,78.8,78,40,10.36,scattered clouds
349,Pasighat,IN,2021-01-18 01:18:16,28.0667,95.3333,59.58,58,0,2.82,clear sky
350,Rodrigues Alves,BR,2021-01-18 01:10:44,-7.738,-72.6509,75.92,89,85,1.97,light rain
351,Westport,US,2021-01-18 01:07:56,41.1415,-73.3579,42.8,61,90,12.66,overcast clouds
352,Sur,OM,2021-01-18 01:16:06,22.5667,59.5289,67.01,57,0,4.23,clear sky
353,Omsukchan,RU,2021-01-18 01:18:17,62.5333,155.8,-36.98,80,100,6.64,overcast clouds
354,Kirkwood,US,2021-01-18 01:12:26,38.5834,-90.4068,34.0,86,90,10.36,mist
355,College,US,2021-01-18 01:09:22,64.8569,-147.8028,3.2,78,40,2.44,scattered clouds
356,Quang Ngai,VN,2021-01-18 01:09:58,15.1167,108.8,66.6,81,33,12.59,light rain
357,Cheney,US,2021-01-18 01:18:17,47.4874,-117.5758,34.0,100,90,5.75,overcast clouds
358,Guilin,CN,2021-01-18 01:18:17,25.2819,110.2864,41.0,75,0,2.8,clear sky
359,Solginskiy,RU,2021-01-18 01:18:18,61.05,41.3428,6.58,94,99,7.07,overcast clouds
360,Nioki,CD,2021-01-18 01:18:18,-2.7167,17.6833,71.58,90,85,0.78,light rain
361,Valpoi,IN,2021-01-18 01:18:18,15.5305,74.1356,77.0,100,20,8.05,mist
362,Jiaocheng,CN,2021-01-18 01:14:10,24.6774,116.1389,48.52,48,88,2.89,overcast clouds
363,Kashi,CN,2021-01-18 01:18:19,39.4547,75.9797,17.6,73,100,8.95,overcast clouds
364,Balkanabat,TM,2021-01-18 01:18:19,39.5108,54.3671,46.33,63,0,4.18,clear sky
365,Juneau,US,2021-01-18 01:18:19,58.3019,-134.4197,42.8,81,90,8.05,snow
366,Caravelas,BR,2021-01-18 01:12:17,-17.7125,-39.2481,74.98,85,0,5.5,clear sky
367,Nuristan,AF,2021-01-18 01:18:19,35.3,70.8333,9.63,76,40,7.34,scattered clouds
368,Ovalle,CL,2021-01-18 01:18:19,-30.5983,-71.2003,62.89,57,0,2.06,clear sky
369,Dir,PK,2021-01-18 01:18:20,35.2058,71.8756,39.47,54,0,4.81,clear sky
370,Tual,ID,2021-01-18 01:18:20,-5.6667,132.75,83.16,80,50,19.13,light rain
371,Viedma,AR,2021-01-18 01:09:21,-40.8135,-62.9967,65.17,46,0,8.66,clear sky
372,Raudeberg,NO,2021-01-18 01:12:29,61.9875,5.1352,39.0,87,23,18.19,few clouds
373,Port-Gentil,GA,2021-01-18 01:11:36,-0.7193,8.7815,80.2,79,97,11.54,light rain
374,Gigmoto,PH,2021-01-18 01:18:21,13.7796,124.39,79.61,80,100,14.5,overcast clouds
375,San Carlos De Bariloche,AR,2021-01-18 01:18:22,-41.1456,-71.3082,62.6,48,0,9.22,clear sky
376,Grand Gaube,MU,2021-01-18 01:09:06,-20.0064,57.6608,80.01,80,100,5.99,overcast clouds
377,Carauari,BR,2021-01-18 01:18:13,-4.8828,-66.8958,75.29,96,79,2.59,moderate rain
378,Sao Mateus,BR,2021-01-18 01:18:22,-18.7161,-39.8589,72.86,87,1,4.32,clear sky
379,Isabela,PH,2021-01-18 01:18:22,6.7085,121.9711,77.0,94,90,5.75,light rain
380,Saskylakh,RU,2021-01-18 01:18:22,71.9167,114.0833,-28.17,84,68,6.13,broken clouds
381,Rudersdorf,AT,2021-01-18 01:18:23,47.0404,16.1373,25.0,96,85,2.77,overcast clouds
382,Nikolayevka,RU,2021-01-18 01:18:23,53.1257,47.2041,-8.25,88,91,2.68,overcast clouds
383,Tutoia,BR,2021-01-18 01:18:23,-2.7619,-42.2744,79.09,88,100,9.78,overcast clouds
384,Merauke,ID,2021-01-18 01:09:17,-8.4667,140.3333,78.17,92,100,14.12,overcast clouds
385,Lar,IN,2021-01-18 01:18:23,26.2039,83.9717,51.12,81,0,1.32,clear sky
386,Ilebo,CD,2021-01-18 01:18:24,-4.3167,20.5833,69.85,95,97,0.81,overcast clouds
387,Farmington,US,2021-01-18 01:15:18,36.7281,-108.2187,46.4,19,1,13.8,clear sky
388,Sao Filipe,CV,2021-01-18 01:12:09,14.8961,-24.4956,72.57,71,0,7.63,clear sky
389,Hambantota,LK,2021-01-18 01:18:24,6.1241,81.1185,71.6,100,20,3.44,few clouds
390,Piacabucu,BR,2021-01-18 01:18:24,-10.4056,-36.4344,76.8,77,40,10.42,scattered clouds
391,Preston,GB,2021-01-18 01:17:29,53.7667,-2.7167,43.0,91,100,8.99,overcast clouds
392,Leo,BF,2021-01-18 01:18:24,11.1,-2.1,71.13,20,82,7.83,broken clouds
393,Inhambane,MZ,2021-01-18 01:18:25,-23.865,35.3833,77.77,89,100,6.64,heavy intensity rain
394,Shingu,JP,2021-01-18 01:10:36,33.7333,135.9833,39.2,60,20,11.5,few clouds
395,Tuatapere,NZ,2021-01-18 01:11:38,-46.1333,167.6833,61.0,54,100,8.01,overcast clouds
396,Bisalpur,IN,2021-01-18 01:18:25,28.3,79.8,50.34,79,0,3.69,clear sky
397,Abu Samrah,SY,2021-01-18 01:18:25,35.3029,37.1841,45.72,70,0,18.72,clear sky
398,Karratha,AU,2021-01-18 01:12:28,-20.7377,116.8463,96.1,41,30,9.89,scattered clouds
399,Moose Factory,CA,2021-01-18 01:09:12,51.2585,-80.6094,5.0,78,1,8.05,clear sky
400,Pinsk,BY,2021-01-18 01:18:26,52.1229,26.0951,-3.75,92,29,5.55,scattered clouds
401,Illela,NG,2021-01-18 01:18:26,13.7292,5.2975,70.03,22,18,12.01,few clouds
402,Launceston,AU,2021-01-18 01:18:26,-41.45,147.1667,70.0,52,99,17.27,overcast clouds
403,Margate,GB,2021-01-18 01:13:05,51.3813,1.3862,39.0,81,1,1.01,clear sky
404,Davenport,US,2021-01-18 01:18:26,41.5236,-90.5776,25.0,86,90,6.91,overcast clouds
405,Boysun,UZ,2021-01-18 01:09:27,38.2061,67.1986,41.77,52,100,3.89,overcast clouds
406,Fallon,US,2021-01-18 01:18:27,39.4735,-118.7774,51.8,46,20,6.91,few clouds
407,Vanavara,RU,2021-01-18 01:18:27,60.34,102.2797,-17.41,88,100,5.39,light snow
408,Ahipara,NZ,2021-01-18 01:15:32,-35.1667,173.1667,68.94,54,4,10.38,clear sky
409,Nacala,MZ,2021-01-18 01:18:27,-14.5428,40.6728,78.67,91,49,7.2,scattered clouds
410,Belyy Yar,RU,2021-01-18 01:09:24,53.6039,91.3903,10.4,85,49,2.24,scattered clouds
411,Cap-Aux-Meules,CA,2021-01-18 01:18:27,47.3821,-61.8597,35.6,87,100,19.57,overcast clouds
412,Yeppoon,AU,2021-01-18 01:18:28,-23.1333,150.7333,86.0,54,90,9.22,overcast clouds
413,Avera,US,2021-01-18 01:15:50,33.194,-82.5271,39.2,75,1,6.02,clear sky
414,Rio Gallegos,AR,2021-01-18 01:11:20,-51.6226,-69.2181,56.66,63,0,22.88,clear sky
415,Biak,ID,2021-01-18 01:09:41,-0.9131,122.8766,78.76,80,100,0.85,overcast clouds
416,Pastos Bons,BR,2021-01-18 01:18:28,-6.6017,-44.0767,74.23,83,92,2.42,overcast clouds
417,Port Augusta,AU,2021-01-18 01:18:29,-32.5,137.7667,77.0,60,0,14.97,clear sky
418,Mahanoro,MG,2021-01-18 01:18:29,-19.9,48.8,77.13,91,100,4.41,overcast clouds
419,Porbandar,IN,2021-01-18 01:18:29,21.6422,69.6093,63.12,59,0,7.63,clear sky
420,Port Keats,AU,2021-01-18 01:11:08,-14.25,129.55,88.29,54,100,11.14,overcast clouds
421,Te Anau,NZ,2021-01-18 01:11:06,-45.4167,167.7167,45.68,90,100,3.6,light rain
422,Bilibino,RU,2021-01-18 01:11:50,68.0546,166.4372,-26.88,82,88,1.86,overcast clouds
423,Mirandopolis,BR,2021-01-18 01:18:30,-21.1336,-51.1017,70.83,94,100,6.55,moderate rain
424,Kosh-Agach,RU,2021-01-18 01:18:30,50.0,88.6667,-4.29,64,24,0.67,few clouds
425,Shizunai,JP,2021-01-18 01:18:30,42.3339,142.3669,26.51,86,96,12.53,overcast clouds
426,Sabha,LY,2021-01-18 01:18:30,27.0377,14.4283,41.67,64,0,4.7,clear sky
427,Vite,IN,2021-01-18 01:18:30,17.2833,74.55,70.12,53,2,7.05,clear sky
428,San Patricio,US,2021-01-18 01:16:15,28.017,-97.5169,64.4,63,1,9.22,clear sky
429,Chunhuhub,MX,2021-01-18 01:18:31,19.55,-88.6833,66.22,69,86,2.64,overcast clouds
430,Gamba,GA,2021-01-18 01:09:37,-2.65,10.0,77.4,84,100,5.53,overcast clouds
431,Ancud,CL,2021-01-18 01:15:35,-41.8697,-73.8203,55.4,82,0,3.44,clear sky
432,Amga,RU,2021-01-18 01:18:31,60.8953,131.9608,-50.24,74,68,1.66,broken clouds
433,Vrangel,RU,2021-01-18 01:17:05,42.7297,133.0839,16.03,95,100,6.29,snow
434,Dunda,TZ,2021-01-18 01:18:31,-8.1167,34.25,63.1,91,82,1.9,broken clouds
435,Sangar,RU,2021-01-18 01:18:32,63.9242,127.4739,-40.77,80,100,3.83,overcast clouds
436,Yerbogachen,RU,2021-01-18 01:10:55,61.2767,108.0108,-36.8,80,100,5.88,overcast clouds
437,Ronda,ES,2021-01-18 01:18:32,36.7423,-5.1671,46.99,56,100,0.76,overcast clouds
438,Nueva Loja,EC,2021-01-18 01:18:32,0.0847,-76.8828,73.0,95,71,2.75,broken clouds
439,Port Hardy,CA,2021-01-18 01:09:31,50.6996,-127.4199,46.4,100,75,2.3,broken clouds
440,Torbeyevo,RU,2021-01-18 01:18:32,54.0797,43.2473,-11.99,90,100,2.44,overcast clouds
441,Kahramanmaras,TR,2021-01-18 01:18:33,38.0,37.0,42.8,93,75,6.91,broken clouds
442,Hofn,IS,2021-01-18 01:16:18,64.2539,-15.2082,38.64,72,100,13.51,overcast clouds
443,Mount Isa,AU,2021-01-18 01:14:34,-20.7333,139.5,91.4,18,29,10.36,scattered clouds
444,Vila Franca Do Campo,PT,2021-01-18 01:11:11,37.7167,-25.4333,61.0,88,20,23.02,few clouds
445,Yar-Sale,RU,2021-01-18 01:09:17,66.8333,70.8333,-12.86,89,100,16.02,light snow
446,Dzilam Gonzalez,MX,2021-01-18 01:18:33,21.2833,-88.9333,65.05,66,100,4.7,overcast clouds
447,Dalbandin,PK,2021-01-18 01:13:09,28.8947,64.4101,50.31,37,0,1.63,clear sky
448,Saint-Augustin,CA,2021-01-18 01:15:40,51.226,-58.6502,36.75,92,100,22.62,light rain
449,Manbij,SY,2021-01-18 01:18:34,36.5281,37.9549,41.0,87,75,15.64,broken clouds
450,Langres,FR,2021-01-18 01:18:34,47.8333,5.3333,33.8,93,90,4.61,overcast clouds
451,Tashara,RU,2021-01-18 01:18:34,55.5195,83.5094,18.66,96,100,16.62,light snow
452,Asandh,IN,2021-01-18 01:18:35,29.5167,76.6,47.68,71,0,6.8,clear sky
453,Lompoc,US,2021-01-18 01:07:32,34.6391,-120.4579,69.8,32,0,8.05,clear sky
454,Tonneins,FR,2021-01-18 01:18:35,44.3921,0.3124,34.0,93,43,1.99,mist
455,Puerto Escondido,MX,2021-01-18 01:09:06,15.85,-97.0667,77.0,83,75,1.36,broken clouds
456,Quatre Cocos,MU,2021-01-18 01:18:35,-20.2078,57.7625,79.0,83,40,11.5,scattered clouds
457,Providencia,MX,2021-01-18 01:18:36,28.7167,-111.5833,71.01,39,0,1.99,clear sky
458,Creston,US,2021-01-18 01:18:36,41.0586,-94.3614,30.2,100,90,5.75,overcast clouds
459,Khandyga,RU,2021-01-18 01:18:36,62.6667,135.6,-52.87,76,63,1.3,broken clouds
460,Tianpeng,CN,2021-01-18 01:18:36,30.9866,103.9393,39.0,1,0,2.28,clear sky
461,Touros,BR,2021-01-18 01:09:50,-5.1989,-35.4608,78.8,73,40,6.91,scattered clouds
462,Baicheng,CN,2021-01-18 01:18:37,45.6167,122.8167,-5.67,78,71,10.96,broken clouds
463,Praia,CV,2021-01-18 01:18:37,14.9215,-23.5087,69.8,78,27,14.97,scattered clouds
464,Ketchikan,US,2021-01-18 01:17:03,55.3422,-131.6461,42.8,100,90,9.22,light rain
465,Luena,AO,2021-01-18 01:18:37,-11.7833,19.9167,63.57,94,100,3.13,overcast clouds
466,Zhigansk,RU,2021-01-18 01:05:53,66.7697,123.3711,-48.41,77,54,4.63,broken clouds
467,Lac-Megantic,CA,2021-01-18 01:18:38,45.5834,-70.8823,28.0,89,100,11.01,light snow
468,Ghanzi,BW,2021-01-18 01:18:38,-21.5667,21.7833,73.89,45,100,6.24,overcast clouds
469,Sicuani,PE,2021-01-18 01:18:38,-14.2694,-71.2261,53.06,68,100,3.2,light rain
470,Panjab,AF,2021-01-18 01:12:46,34.388,67.0233,14.81,75,100,4.61,overcast clouds
471,Matadi,CD,2021-01-18 01:11:13,-5.8167,13.45,74.71,86,100,2.33,overcast clouds
472,Doha,QA,2021-01-18 01:12:18,25.2867,51.5333,68.0,52,0,8.05,clear sky
473,Sayaxche,GT,2021-01-18 01:18:39,16.5167,-90.1667,68.68,89,77,3.8,broken clouds
474,Cedar City,US,2021-01-18 01:18:39,37.6775,-113.0619,44.6,18,1,8.05,clear sky
475,Olkusz,PL,2021-01-18 01:18:39,50.2813,19.565,12.2,85,90,8.05,light snow
476,Vardo,NO,2021-01-18 01:09:20,70.3705,31.1107,33.33,95,100,7.29,snow
477,Saint George,US,2021-01-18 01:07:06,37.1041,-113.5841,55.0,22,1,3.44,clear sky
478,Lakatoro,VU,2021-01-18 01:11:56,-16.0999,167.4164,86.2,69,18,8.93,few clouds
479,Araguacu,BR,2021-01-18 01:18:40,-12.9306,-49.8264,74.14,89,100,3.94,light rain
480,Grajau,BR,2021-01-18 01:18:40,-5.8194,-46.1386,73.83,93,94,3.94,overcast clouds
481,Jansath,IN,2021-01-18 01:18:40,29.3333,77.85,48.94,76,0,2.98,clear sky
482,San Lorenzo,PY,2021-01-18 01:18:40,-25.3333,-57.5333,69.8,88,0,6.91,clear sky
483,Damaturu,NG,2021-01-18 01:18:40,11.747,11.9608,68.61,23,16,9.22,few clouds
484,Neyshabur,IR,2021-01-18 01:09:34,36.2133,58.7958,40.98,62,0,0.22,clear sky
485,Bitung,ID,2021-01-18 01:18:41,1.4451,125.1824,84.2,79,40,5.75,scattered clouds
486,San Ignacio,BZ,2021-01-18 01:18:41,17.1561,-89.0714,73.4,88,0,3.31,clear sky
487,San Andres,CO,2021-01-18 01:18:41,12.5847,-81.7006,78.8,89,90,12.66,light rain
488,Ust-Maya,RU,2021-01-18 01:18:41,60.4167,134.5333,-49.05,76,75,0.81,broken clouds
489,San Antonio,US,2021-01-18 01:17:57,29.4241,-98.4936,62.6,54,1,2.48,clear sky
490,Camacha,PT,2021-01-18 01:18:42,33.0833,-16.3333,57.2,62,75,3.44,broken clouds
491,Kalangala,UG,2021-01-18 01:18:42,-0.3089,32.225,73.53,71,98,6.96,overcast clouds
492,Chapaevsk,RU,2021-01-18 01:18:42,52.9813,49.7112,-7.6,84,0,3.49,clear sky
493,Tilichiki,RU,2021-01-18 01:18:43,60.4667,166.1,-15.68,84,100,17.09,overcast clouds
494,Okrika,NG,2021-01-18 01:18:43,4.7416,7.0849,77.0,94,20,4.14,few clouds
495,Marzuq,YE,2021-01-18 01:12:32,14.4,46.4667,57.02,51,15,1.63,few clouds
496,Garowe,SO,2021-01-18 01:18:43,8.4054,48.4845,66.69,61,0,5.46,clear sky
497,Hirara,JP,2021-01-18 01:12:34,24.8,125.2833,59.0,63,75,6.91,broken clouds
498,Udachnyy,RU,2021-01-18 01:07:01,66.4167,112.4,-36.33,81,100,1.52,overcast clouds
499,Moron,AR,2021-01-18 01:12:33,-34.6534,-58.6198,73.0,54,0,10.02,clear sky
500,Sao Felix Do Xingu,BR,2021-01-18 01:09:11,-6.6447,-51.995,72.52,93,58,0.34,broken clouds
501,Salalah,OM,2021-01-18 01:12:20,17.0151,54.0924,62.6,27,0,3.44,clear sky
502,Sokoto,NG,2021-01-18 01:18:44,13.0609,5.239,70.47,22,1,12.21,clear sky
503,Krasnogorsk,RU,2021-01-18 01:18:44,55.8225,37.3181,-9.4,84,20,4.47,few clouds
504,Yenagoa,NG,2021-01-18 01:18:44,4.9247,6.2642,76.41,90,90,4.12,overcast clouds
505,Olafsvik,IS,2021-01-18 01:18:45,64.8945,-23.7142,35.42,91,100,9.42,overcast clouds
506,Hami,CN,2021-01-18 01:10:40,42.8,93.45,12.2,77,0,2.08,clear sky
507,Strezhevoy,RU,2021-01-18 01:14:08,60.7333,77.5889,-7.6,84,40,6.71,scattered clouds
508,Dudinka,RU,2021-01-18 01:18:45,69.4058,86.1778,-6.56,89,100,7.99,overcast clouds
509,Buta,CD,2021-01-18 01:18:45,2.7858,24.73,69.8,70,100,1.97,overcast clouds
510,Yuzhno-Kurilsk,RU,2021-01-18 01:18:45,44.0306,145.8556,24.19,93,100,11.79,overcast clouds
511,Flagstaff,US,2021-01-18 01:15:18,35.1981,-111.6513,46.4,7,1,4.61,clear sky
512,Jesus Carranza,MX,2021-01-18 01:18:46,17.4333,-95.0333,69.91,89,82,5.93,broken clouds
513,Artyom,AZ,2021-01-18 01:18:46,40.4723,50.333,44.6,87,0,9.22,clear sky
514,Teahupoo,PF,2021-01-18 01:18:46,-17.8333,-149.2667,86.0,66,40,14.97,scattered clouds
515,Dickinson,US,2021-01-18 01:15:16,29.4608,-95.0513,57.2,43,1,5.5,clear sky
516,Morki,RU,2021-01-18 01:18:46,56.4303,48.9947,-14.31,88,34,2.01,scattered clouds
517,Mbuyapey,PY,2021-01-18 01:18:46,-26.2,-56.75,72.82,60,100,6.08,overcast clouds
518,Kirensk,RU,2021-01-18 01:18:47,57.7853,108.1119,-26.0,80,100,2.39,overcast clouds
519,Mackay,AU,2021-01-18 01:09:16,-21.15,149.2,82.99,69,75,14.97,broken clouds
520,Oyama,JP,2021-01-18 01:18:47,36.3,139.8,41.0,52,75,6.91,light snow
521,Taltal,CL,2021-01-18 01:11:58,-25.4,-70.4833,65.07,75,0,5.17,clear sky
522,Bluefields,NI,2021-01-18 01:18:47,12.0137,-83.7635,75.45,90,100,5.39,overcast clouds
523,Lagoa,PT,2021-01-18 01:18:47,39.05,-27.9833,61.72,81,2,26.35,clear sky
524,Pringsewu,ID,2021-01-18 01:16:34,-5.3582,104.9744,78.06,82,55,3.44,light rain
525,San Jose,US,2021-01-18 01:16:54,37.3394,-121.895,73.4,25,40,8.05,scattered clouds
526,Clinton,US,2021-01-18 01:18:48,42.587,-82.9199,35.01,100,90,5.75,light snow
527,Seoul,KR,2021-01-18 01:16:46,37.5683,126.9778,30.2,80,90,4.61,light snow
528,Pundaguitan,PH,2021-01-18 01:18:48,6.3711,126.1689,77.63,89,100,12.28,heavy intensity rain
529,Lorengau,PG,2021-01-18 01:18:48,-2.0226,147.2712,85.82,69,98,15.55,overcast clouds
530,Bocaiuva,BR,2021-01-18 01:18:48,-17.1078,-43.815,67.59,73,74,5.3,broken clouds
531,Camana,PE,2021-01-18 01:18:49,-16.6228,-72.7111,71.37,74,28,6.69,scattered clouds
532,Bayir,TR,2021-01-18 01:09:54,37.2687,28.2167,37.4,93,40,5.75,scattered clouds
533,Belmonte,BR,2021-01-18 01:15:58,-15.8631,-38.8828,78.8,73,20,9.22,few clouds
534,La Ronge,CA,2021-01-18 01:13:04,55.1001,-105.2842,3.2,85,100,6.91,light snow
535,Petropavlovskoye,RU,2021-01-18 01:18:49,52.0712,84.107,17.8,88,98,6.17,overcast clouds
536,Lomza,PL,2021-01-18 01:18:49,53.1781,22.0593,-0.67,89,0,2.68,clear sky
537,Kushima,JP,2021-01-18 01:18:49,31.4583,131.2333,44.6,39,20,6.91,few clouds
538,Kwinana,AU,2021-01-18 01:18:50,-32.25,115.7667,86.0,20,40,19.57,scattered clouds
539,Klaksvik,FO,2021-01-18 01:09:21,62.2266,-6.589,33.8,100,75,4.61,broken clouds
540,Radovitskiy,RU,2021-01-18 01:18:50,55.1282,39.7956,-10.82,90,31,1.5,scattered clouds
541,Ife,NG,2021-01-18 01:18:50,7.4667,4.5667,71.87,98,96,1.86,overcast clouds
542,Mwinilunga,ZM,2021-01-18 01:12:57,-11.7358,24.4293,61.97,95,100,3.76,overcast clouds
543,Obama,JP,2021-01-18 01:18:50,35.4958,135.746,37.99,62,12,8.99,few clouds
544,Carora,VE,2021-01-18 01:18:51,10.1755,-70.0827,73.15,71,0,7.99,clear sky
545,Champerico,GT,2021-01-18 01:18:51,14.3,-91.9167,82.4,78,40,9.22,scattered clouds
546,Nsoko,SZ,2021-01-18 01:18:51,-27.0333,31.95,60.8,82,0,6.91,clear sky
547,Taraz,KZ,2021-01-18 01:18:51,42.9,71.3667,35.6,64,100,8.95,overcast clouds
548,Xinxiang,CN,2021-01-18 01:18:52,35.3089,113.8672,36.48,54,0,3.09,clear sky
549,Glendive,US,2021-01-18 01:18:52,47.1053,-104.7125,30.2,100,90,5.75,light snow
550,Labuan,MY,2021-01-18 01:18:52,5.2767,115.2417,75.2,94,40,10.83,light rain
551,Aguascalientes,MX,2021-01-18 01:18:52,21.8833,-102.3,68.0,11,20,3.44,few clouds
552,Khani,GE,2021-01-18 01:18:52,41.9563,42.9566,41.0,93,90,10.36,overcast clouds
553,Tazovskiy,RU,2021-01-18 01:18:52,67.4667,78.7,-11.67,89,100,16.2,overcast clouds
554,Seddon,AU,2021-01-18 01:18:53,-37.8068,144.8916,69.01,55,90,14.97,overcast clouds
555,Sao Miguel Do Araguaia,BR,2021-01-18 01:18:53,-13.275,-50.1628,74.16,88,100,2.89,heavy intensity rain
556,Tabuk,PH,2021-01-18 01:18:53,17.4189,121.4443,68.36,88,98,9.51,overcast clouds
557,Port-Cartier,CA,2021-01-18 01:18:53,50.0334,-66.8654,32.0,100,100,13.8,snow
558,Xinzhou,CN,2021-01-18 01:18:53,38.4092,112.7333,20.48,63,0,0.54,clear sky
559,Vao,NC,2021-01-18 01:18:53,-22.6667,167.4833,78.03,81,80,12.8,broken clouds
560,Mehamn,NO,2021-01-18 01:10:41,71.0357,27.8492,33.53,93,100,16.02,light snow
561,Kailua,US,2021-01-18 01:18:54,21.4022,-157.7394,80.6,57,90,4.61,overcast clouds
562,San Fernando,PH,2021-01-18 01:18:54,15.0286,120.6898,78.8,61,75,4.61,broken clouds
563,Petropavlovsk-Kamchatskiy,RU,2021-01-18 01:13:08,53.0452,158.6483,24.8,68,90,20.13,snow
564,Genhe,CN,2021-01-18 01:18:54,50.7833,121.5167,-26.75,81,0,2.84,clear sky
565,Banda Aceh,ID,2021-01-18 01:18:54,5.5577,95.3222,78.48,84,100,13.76,light rain
566,Uvalde,US,2021-01-18 01:18:55,29.3669,-99.767,59.0,44,1,3.44,clear sky
567,Leskolovo,RU,2021-01-18 01:18:55,60.2634,30.4546,19.0,93,85,3.33,overcast clouds
568,San Ramon,US,2021-01-18 01:17:08,37.7799,-121.978,68.0,37,1,1.34,clear sky
569,Menongue,AO,2021-01-18 01:18:55,-14.6585,17.691,62.94,66,100,3.78,overcast clouds
570,Kulachi,PK,2021-01-18 01:18:56,31.9286,70.4592,42.15,60,0,1.57,clear sky
571,Basco,PH,2021-01-18 01:18:56,20.4487,121.9702,69.66,80,100,33.2,overcast clouds
572,Baykit,RU,2021-01-18 01:18:56,61.67,96.37,-19.17,83,100,2.59,overcast clouds
573,Dangriga,BZ,2021-01-18 01:18:56,16.9692,-88.2321,73.4,78,20,9.22,few clouds
574,Samarai,PG,2021-01-18 01:16:26,-10.6167,150.6667,85.73,72,96,15.97,overcast clouds
575,Rongcheng,CN,2021-01-18 01:18:57,30.634,117.8517,40.26,63,0,3.94,clear sky
576,Pangody,RU,2021-01-18 01:09:36,65.85,74.4859,-14.01,89,100,13.38,overcast clouds
577,Liverpool,GB,2021-01-18 01:16:05,53.4106,-2.9779,42.01,93,40,6.91,scattered clouds
578,Marshall,US,2021-01-18 01:18:57,34.3834,-86.3333,44.6,45,40,4.61,scattered clouds
